ID,Survey,RA,Dec,Type
1,11HUGS,0.09375,39.495556,Decimal
2,11HUGS,0.492083,-15.460833,Decimal
3,11HUGS,1.3825,-28.098056,Decimal
4,11HUGS,2.055417,-34.578333,Decimal
5,11HUGS,2.48625,-24.962222,Decimal
6,11HUGS,3.516667,-23.181944,Decimal
7,11HUGS,3.725,-39.196944,Decimal
8,11HUGS,3.855833,-21.445,Decimal
9,11HUGS,4.7975,-22.668333,Decimal
10,11HUGS,5.09625,59.293056,Decimal
11,11HUGS,7.84375,-22.765833,Decimal
12,11HUGS,10.625417,40.575833,Decimal
13,11HUGS,10.684583,41.269167,Decimal
14,11HUGS,10.765833,-22.246944,Decimal
15,11HUGS,11.784583,-20.760556,Decimal
16,11HUGS,11.887917,-25.288333,Decimal
17,11HUGS,12.455,-21.015,Decimal
18,11HUGS,13.186667,-72.828611,Decimal
19,11HUGS,13.722917,-37.683333,Decimal
20,11HUGS,15.979167,21.885,Decimal
21,11HUGS,16.199167,2.117778,Decimal
22,11HUGS,16.843333,16.683889,Decimal
23,11HUGS,16.943333,1.063611,Decimal
24,11HUGS,20.32875,12.411944,Decimal
25,11HUGS,22.197083,16.688611,Decimal
26,11HUGS,23.177083,18.317222,Decimal
27,11HUGS,23.462083,30.660278,Decimal
28,11HUGS,23.7675,-41.4375,Decimal
29,11HUGS,24.17375,15.783056,Decimal
30,11HUGS,25.04125,15.904722,Decimal
31,11HUGS,25.81125,19.975556,Decimal
32,11HUGS,26.265417,-43.598056,Decimal
33,11HUGS,26.8775,27.331111,Decimal
34,11HUGS,26.97625,27.433056,Decimal
35,11HUGS,27.380833,32.588611,Decimal
36,11HUGS,27.77625,-44.444722,Decimal
37,11HUGS,30.320833,28.8375,Decimal
38,11HUGS,31.02125,24.208333,Decimal
39,11HUGS,33.515,27.877222,Decimal
40,11HUGS,35.305833,42.762778,Decimal
41,11HUGS,35.639167,42.349167,Decimal
42,11HUGS,36.250833,36.037778,Decimal
43,11HUGS,36.820417,33.579167,Decimal
44,11HUGS,36.9575,31.726667,Decimal
45,11HUGS,37.7025,37.137222,Decimal
46,11HUGS,38.1,35.495,Decimal
47,11HUGS,38.225,38.680556,Decimal
48,11HUGS,38.325833,33.491111,Decimal
49,11HUGS,38.42875,40.528056,Decimal
50,11HUGS,39.450417,-61.338333,Decimal
51,11HUGS,39.819167,40.8725,Decimal
52,11HUGS,40.47875,59.604167,Decimal
53,11HUGS,40.874583,37.340833,Decimal
54,11HUGS,41.980833,37.538333,Decimal
55,11HUGS,44.21,-54.571389,Decimal
56,11HUGS,44.9275,25.238056,Decimal
57,11HUGS,47.4075,-41.030556,Decimal
58,11HUGS,47.54375,-40.003056,Decimal
59,11HUGS,49.32625,-41.107778,Decimal
60,11HUGS,49.565833,-66.498056,Decimal
61,11HUGS,50.030833,-52.185278,Decimal
62,11HUGS,50.09875,17.295833,Decimal
63,11HUGS,50.365417,40.801667,Decimal
64,11HUGS,51.03,17.753333,Decimal
65,11HUGS,53.299167,-50.410556,Decimal
66,11HUGS,56.70375,68.096111,Decimal
67,11HUGS,57.280417,-48.858611,Decimal
68,11HUGS,57.920417,-38.452222,Decimal
69,11HUGS,58.942083,-42.368056,Decimal
70,11HUGS,59.815,-45.8725,Decimal
71,11HUGS,59.95875,67.143611,Decimal
72,11HUGS,60.885833,-43.4,Decimal
73,11HUGS,60.97625,-43.349167,Decimal
74,11HUGS,61.532083,-52.669167,Decimal
75,11HUGS,61.706667,-21.174722,Decimal
76,11HUGS,63.172083,-23.16,Decimal
77,11HUGS,64.435417,-50.164444,Decimal
78,11HUGS,65.30625,-21.845556,Decimal
79,11HUGS,67.42,-27.408611,Decimal
80,11HUGS,67.704167,64.848056,Decimal
81,11HUGS,68.020417,63.613611,Decimal
82,11HUGS,68.19875,71.879444,Decimal
83,11HUGS,71.569583,-57.343056,Decimal
84,11HUGS,72.14375,0.241667,Decimal
85,11HUGS,72.871667,-61.650833,Decimal
86,11HUGS,73.557083,-53.361389,Decimal
87,11HUGS,74.244583,-42.803889,Decimal
88,11HUGS,74.99,-26.021944,Decimal
89,11HUGS,75.678333,-61.139722,Decimal
90,11HUGS,75.832083,-25.423056,Decimal
91,11HUGS,76.600417,-31.953056,Decimal
92,11HUGS,76.605833,-31.954167,Decimal
93,11HUGS,76.92625,-37.512778,Decimal
94,11HUGS,77.031667,-38.309167,Decimal
95,11HUGS,77.695833,-31.597222,Decimal
96,11HUGS,77.997083,-32.9725,Decimal
97,11HUGS,78.5625,62.575278,Decimal
98,11HUGS,80.89375,-69.756111,Decimal
99,11HUGS,81.247917,4.505,Decimal
100,11HUGS,81.77375,-20.678056,Decimal
101,11HUGS,84.742917,-41.737222,Decimal
102,11HUGS,87.72625,-14.779167,Decimal
103,11HUGS,88.9275,3.391667,Decimal
104,11HUGS,89.921667,73.4275,Decimal
105,11HUGS,91.438333,-33.080833,Decimal
106,11HUGS,91.830417,-34.204722,Decimal
107,11HUGS,92.539583,-34.106111,Decimal
108,11HUGS,92.817917,-21.599167,Decimal
109,11HUGS,95.23125,-8.495,Decimal
110,11HUGS,97.62,39.503889,Decimal
111,11HUGS,101.450833,-47.531111,Decimal
112,11HUGS,101.940833,80.123889,Decimal
113,11HUGS,102.66625,-52.140278,Decimal
114,11HUGS,103.916667,39.095278,Decimal
115,11HUGS,106.328333,-58.520278,Decimal
116,11HUGS,107.55625,44.457222,Decimal
117,11HUGS,110.685417,45.108611,Decimal
118,11HUGS,112.071667,40.77,Decimal
119,11HUGS,112.2275,69.215833,Decimal
120,11HUGS,112.322917,27.899444,Decimal
121,11HUGS,112.825833,-68.188056,Decimal
122,11HUGS,114.11625,-47.634722,Decimal
123,11HUGS,114.214167,65.6025,Decimal
124,11HUGS,115.358333,40.112222,Decimal
125,11HUGS,115.480833,16.8025,Decimal
126,11HUGS,116.88375,51.191389,Decimal
127,11HUGS,119.2575,14.390833,Decimal
128,11HUGS,120.472083,50.7375,Decimal
129,11HUGS,123.31125,45.990556,Decimal
130,11HUGS,123.495417,45.742778,Decimal
131,11HUGS,124.766667,70.719167,Decimal
132,11HUGS,124.83375,50.006944,Decimal
133,11HUGS,125.983333,71.029167,Decimal
134,11HUGS,126.48125,35.542222,Decimal
135,11HUGS,127.118333,41.856667,Decimal
136,11HUGS,128.53,66.181667,Decimal
137,11HUGS,129.064167,-26.409444,Decimal
138,11HUGS,129.2625,69.775278,Decimal
139,11HUGS,133.1725,33.420556,Decimal
140,11HUGS,134.75125,39.21,Decimal
141,11HUGS,135.724167,20.075556,Decimal
142,11HUGS,136.895417,33.276667,Decimal
143,11HUGS,137.222917,14.581944,Decimal
144,11HUGS,137.44375,-23.009167,Decimal
145,11HUGS,138.08125,-24.1725,Decimal
146,11HUGS,138.300417,-19.408611,Decimal
147,11HUGS,139.470417,-22.355,Decimal
148,11HUGS,139.875,21.603333,Decimal
149,11HUGS,140.367083,-22.501944,Decimal
150,11HUGS,141.300417,68.383056,Decimal
151,11HUGS,141.547917,-76.626667,Decimal
152,11HUGS,143.042083,21.501111,Decimal
153,11HUGS,143.151667,51.871944,Decimal
154,11HUGS,143.687083,6.425556,Decimal
155,11HUGS,143.7225,17.051389,Decimal
156,11HUGS,145.112917,48.3375,Decimal
157,11HUGS,145.134583,71.182222,Decimal
158,11HUGS,146.182917,9.615278,Decimal
159,11HUGS,146.2675,32.238333,Decimal
160,11HUGS,146.81375,67.916667,Decimal
161,11HUGS,147.580833,31.455833,Decimal
162,11HUGS,147.593333,31.487778,Decimal
163,11HUGS,147.820833,7.8275,Decimal
164,11HUGS,147.847917,-27.01,Decimal
165,11HUGS,148.452083,68.969167,Decimal
166,11HUGS,148.888333,69.065278,Decimal
167,11HUGS,148.9675,69.679722,Decimal
168,11HUGS,149.190417,28.826389,Decimal
169,11HUGS,149.262917,68.591944,Decimal
170,11HUGS,149.383333,69.045833,Decimal
171,11HUGS,149.6925,-28.621944,Decimal
172,11HUGS,149.83625,-28.131667,Decimal
173,11HUGS,149.86,30.746389,Decimal
174,11HUGS,150.000417,5.332222,Decimal
175,11HUGS,150.65,-6.013611,Decimal
176,11HUGS,150.7775,-26.158889,Decimal
177,11HUGS,150.835833,68.734444,Decimal
178,11HUGS,150.924167,-27.027778,Decimal
179,11HUGS,151.10875,-28.444167,Decimal
180,11HUGS,151.170833,29.365278,Decimal
181,11HUGS,151.276667,66.558889,Decimal
182,11HUGS,151.308333,-7.718611,Decimal
183,11HUGS,151.3775,70.364444,Decimal
184,11HUGS,151.64,-29.935833,Decimal
185,11HUGS,151.780417,15.984444,Decimal
186,11HUGS,151.829167,47.006111,Decimal
187,11HUGS,151.831667,10.362778,Decimal
188,11HUGS,151.845833,38.969444,Decimal
189,11HUGS,152.28125,-29.064444,Decimal
190,11HUGS,152.753333,-4.692778,Decimal
191,11HUGS,153.675417,-28.871944,Decimal
192,11HUGS,156.273333,17.160278,Decimal
193,11HUGS,157.087083,22.571389,Decimal
194,11HUGS,157.088333,68.411944,Decimal
195,11HUGS,157.645833,70.618611,Decimal
196,11HUGS,158.07125,27.668611,Decimal
197,11HUGS,158.690833,50.768333,Decimal
198,11HUGS,158.846667,-24.754167,Decimal
199,11HUGS,159.099167,12.7075,Decimal
200,11HUGS,159.180417,31.546667,Decimal
201,11HUGS,159.855,1.718056,Decimal
202,11HUGS,160.658333,-23.935556,Decimal
203,11HUGS,160.675833,34.448889,Decimal
204,11HUGS,160.87875,24.922778,Decimal
205,11HUGS,160.990833,11.703889,Decimal
206,11HUGS,161.5525,1.813333,Decimal
207,11HUGS,161.690417,11.82,Decimal
208,11HUGS,161.842917,14.069444,Decimal
209,11HUGS,162.224583,46.720556,Decimal
210,11HUGS,162.281667,6.917222,Decimal
211,11HUGS,162.402083,65.530556,Decimal
212,11HUGS,162.722083,13.412222,Decimal
213,11HUGS,162.8375,-34.430556,Decimal
214,11HUGS,163.130417,36.619722,Decimal
215,11HUGS,163.237917,69.549444,Decimal
216,11HUGS,165.0775,13.901111,Decimal
217,11HUGS,165.099583,28.975,Decimal
218,11HUGS,165.451667,28.689167,Decimal
219,11HUGS,165.930833,28.886944,Decimal
220,11HUGS,165.98,-34.358333,Decimal
221,11HUGS,166.24375,29.139444,Decimal
222,11HUGS,166.4525,0.035833,Decimal
223,11HUGS,166.705,43.723333,Decimal
224,11HUGS,167.879167,55.674167,Decimal
225,11HUGS,168.654167,12.817778,Decimal
226,11HUGS,168.8625,18.110278,Decimal
227,11HUGS,168.967083,41.592222,Decimal
228,11HUGS,169.566667,-32.811667,Decimal
229,11HUGS,169.732917,13.093611,Decimal
230,11HUGS,170.0625,12.991667,Decimal
231,11HUGS,170.070417,13.588889,Decimal
232,11HUGS,170.730417,13.441389,Decimal
233,11HUGS,170.829583,13.629722,Decimal
234,11HUGS,171.535833,43.585833,Decimal
235,11HUGS,171.800833,0.994722,Decimal
236,11HUGS,171.999583,78.994167,Decimal
237,11HUGS,173.370417,49.237222,Decimal
238,11HUGS,173.953333,54.523889,Decimal
239,11HUGS,174.025833,45.283611,Decimal
240,11HUGS,176.796667,43.671944,Decimal
241,11HUGS,177.720833,38.880278,Decimal
242,11HUGS,178.914167,31.519444,Decimal
243,11HUGS,179.68375,27.585,Decimal
244,11HUGS,179.735833,30.412222,Decimal
245,11HUGS,180.387917,33.341389,Decimal
246,11HUGS,181.003333,52.588333,Decimal
247,11HUGS,181.215833,26.9925,Decimal
248,11HUGS,181.504167,47.477778,Decimal
249,11HUGS,182.485,36.435278,Decimal
250,11HUGS,182.493333,46.4575,Decimal
251,11HUGS,183.037917,36.169167,Decimal
252,11HUGS,183.43625,36.634167,Decimal
253,11HUGS,183.535,66.094722,Decimal
254,11HUGS,183.74125,36.218889,Decimal
255,11HUGS,183.810417,20.658611,Decimal
256,11HUGS,183.848333,51.349444,Decimal
257,11HUGS,183.88875,43.435,Decimal
258,11HUGS,183.912083,36.327778,Decimal
259,11HUGS,183.944583,52.3875,Decimal
260,11HUGS,184.125417,52.2275,Decimal
261,11HUGS,184.175417,69.462778,Decimal
262,11HUGS,184.374583,37.808056,Decimal
263,11HUGS,184.375417,45.618889,Decimal
264,11HUGS,184.459583,47.408611,Decimal
265,11HUGS,184.691667,-79.726111,Decimal
266,11HUGS,184.739583,47.303889,Decimal
267,11HUGS,184.787917,47.089722,Decimal
268,11HUGS,184.997917,-17.391944,Decimal
269,11HUGS,185.15875,46.2925,Decimal
270,11HUGS,185.3125,45.811389,Decimal
271,11HUGS,186.105417,70.333611,Decimal
272,11HUGS,186.36625,28.4825,Decimal
273,11HUGS,186.45375,33.546667,Decimal
274,11HUGS,186.566667,48.493611,Decimal
275,11HUGS,186.77125,37.1425,Decimal
276,11HUGS,186.920417,43.495556,Decimal
277,11HUGS,187.012083,22.589444,Decimal
278,11HUGS,187.0225,22.290833,Decimal
279,11HUGS,187.046667,44.093333,Decimal
280,11HUGS,187.11875,37.233611,Decimal
281,11HUGS,187.16125,35.7175,Decimal
282,11HUGS,187.18375,22.8225,Decimal
283,11HUGS,187.18875,43.226389,Decimal
284,11HUGS,187.189583,44.864167,Decimal
285,11HUGS,187.2175,42.178056,Decimal
286,11HUGS,187.4725,47.531111,Decimal
287,11HUGS,187.599167,42.901667,Decimal
288,11HUGS,187.629583,41.700278,Decimal
289,11HUGS,187.650417,41.642778,Decimal
290,11HUGS,188.002917,39.833056,Decimal
291,11HUGS,188.111667,42.705,Decimal
292,11HUGS,188.2,37.621667,Decimal
293,11HUGS,188.226667,31.541111,Decimal
294,11HUGS,188.5025,39.019444,Decimal
295,11HUGS,188.5225,35.518889,Decimal
296,11HUGS,189.09375,40.005278,Decimal
297,11HUGS,189.340833,38.743889,Decimal
298,11HUGS,189.666667,32.766944,Decimal
299,11HUGS,189.9975,-11.623056,Decimal
300,11HUGS,190.00125,61.608056,Decimal
301,11HUGS,190.38625,41.151111,Decimal
302,11HUGS,190.469167,41.273889,Decimal
303,11HUGS,190.533333,32.540556,Decimal
304,11HUGS,190.562917,38.503333,Decimal
305,11HUGS,190.990417,32.168056,Decimal
306,11HUGS,191.104583,34.386667,Decimal
307,11HUGS,191.501667,-33.838056,Decimal
308,11HUGS,191.730833,26.564167,Decimal
309,11HUGS,191.735,51.612778,Decimal
310,11HUGS,191.749167,36.476389,Decimal
311,11HUGS,192.095417,51.164722,Decimal
312,11HUGS,192.720833,41.120556,Decimal
313,11HUGS,193.521667,27.148611,Decimal
314,11HUGS,194.017917,3.811944,Decimal
315,11HUGS,194.182083,21.681111,Decimal
316,11HUGS,194.668333,14.2175,Decimal
317,11HUGS,195.53375,58.701389,Decimal
318,11HUGS,195.56,-17.2375,Decimal
319,11HUGS,195.82,-17.423056,Decimal
320,11HUGS,196.364583,-49.468333,Decimal
321,11HUGS,196.45625,37.605,Decimal
322,11HUGS,196.603333,67.706944,Decimal
323,11HUGS,196.985833,-16.689167,Decimal
324,11HUGS,197.015,46.828056,Decimal
325,11HUGS,197.1425,78.936944,Decimal
326,11HUGS,198.050417,44.038889,Decimal
327,11HUGS,198.215833,40.543056,Decimal
328,11HUGS,198.344583,46.320278,Decimal
329,11HUGS,198.475417,42.21,Decimal
330,11HUGS,198.61625,45.919167,Decimal
331,11HUGS,198.87625,47.498889,Decimal
332,11HUGS,198.955,42.030278,Decimal
333,11HUGS,199.7275,-21.038889,Decimal
334,11HUGS,200.49,-36.630278,Decimal
335,11HUGS,201.365,-43.019167,Decimal
336,11HUGS,201.685,-30.3625,Decimal
337,11HUGS,201.905417,-41.480556,Decimal
338,11HUGS,202.400833,58.418333,Decimal
339,11HUGS,202.469583,47.195278,Decimal
340,11HUGS,202.494583,47.268056,Decimal
341,11HUGS,202.685,54.91,Decimal
342,11HUGS,203.345417,49.101667,Decimal
343,11HUGS,203.4325,-48.151111,Decimal
344,11HUGS,203.51125,47.915278,Decimal
345,11HUGS,203.677917,51.614167,Decimal
346,11HUGS,203.697083,-45.5475,Decimal
347,11HUGS,204.147917,-29.571389,Decimal
348,11HUGS,204.253333,-29.866389,Decimal
349,11HUGS,204.33375,-28.046111,Decimal
350,11HUGS,204.830833,24.775556,Decimal
351,11HUGS,204.974167,40.739167,Decimal
352,11HUGS,204.982917,-31.64,Decimal
353,11HUGS,205.076667,-28.892222,Decimal
354,11HUGS,205.40375,-29.913889,Decimal
355,11HUGS,205.635,39.658333,Decimal
356,11HUGS,206.252083,-41.861111,Decimal
357,11HUGS,207.324167,-36.061667,Decimal
358,11HUGS,207.634583,-37.288889,Decimal
359,11HUGS,207.710833,38.019167,Decimal
360,11HUGS,208.690417,53.900833,Decimal
361,11HUGS,208.702917,35.8375,Decimal
362,11HUGS,209.25625,-35.333889,Decimal
363,11HUGS,210.802083,54.348611,Decimal
364,11HUGS,210.8375,-41.378889,Decimal
365,11HUGS,211.25625,53.6625,Decimal
366,11HUGS,211.387917,54.460833,Decimal
367,11HUGS,211.794583,35.060278,Decimal
368,11HUGS,213.28875,-65.339167,Decimal
369,11HUGS,213.789167,57.0875,Decimal
370,11HUGS,213.985417,23.055278,Decimal
371,11HUGS,214.255833,43.501389,Decimal
372,11HUGS,214.950833,56.729444,Decimal
373,11HUGS,215.634167,45.383889,Decimal
374,11HUGS,215.824583,41.775833,Decimal
375,11HUGS,216.180833,44.525833,Decimal
376,11HUGS,217.015417,-46.301667,Decimal
377,11HUGS,218.760833,-49.420556,Decimal
378,11HUGS,218.851667,57.255278,Decimal
379,11HUGS,219.7725,36.805833,Decimal
380,11HUGS,220.85625,-44.705278,Decimal
381,11HUGS,221.053333,42.628889,Decimal
382,11HUGS,224.440417,71.682222,Decimal
383,11HUGS,225.28625,-48.290556,Decimal
384,11HUGS,225.28875,44.698056,Decimal
385,11HUGS,228.556667,-46.81,Decimal
386,11HUGS,232.002917,64.763056,Decimal
387,11HUGS,233.23875,46.452778,Decimal
388,11HUGS,235.449167,67.254167,Decimal
389,11HUGS,242.245417,17.506944,Decimal
390,11HUGS,245.246667,-60.487778,Decimal
391,11HUGS,251.833333,-57.441111,Decimal
392,11HUGS,255.105417,70.29,Decimal
393,11HUGS,257.020833,69.463889,Decimal
394,11HUGS,266.776667,-64.640278,Decimal
395,11HUGS,267.362917,70.144444,Decimal
396,11HUGS,275.693333,-62.270278,Decimal
397,11HUGS,277.15875,-66.981667,Decimal
398,11HUGS,278.70875,70.524167,Decimal
399,11HUGS,283.921667,-64.810833,Decimal
400,11HUGS,287.4425,-63.856944,Decimal
401,11HUGS,287.84625,-64.219167,Decimal
402,11HUGS,289.174583,63.971667,Decimal
403,11HUGS,292.495833,-17.678056,Decimal
404,11HUGS,294.406667,-65.811944,Decimal
405,11HUGS,296.235833,-14.789167,Decimal
406,11HUGS,302.38,-61.846389,Decimal
407,11HUGS,307.56375,60.440278,Decimal
408,11HUGS,307.637083,60.354722,Decimal
409,11HUGS,307.883333,60.812222,Decimal
410,11HUGS,308.717917,60.153889,Decimal
411,11HUGS,311.336667,60.411111,Decimal
412,11HUGS,311.715833,-12.848056,Decimal
413,11HUGS,312.100417,58.618333,Decimal
414,11HUGS,312.794167,56.890278,Decimal
415,11HUGS,313.02625,-69.203611,Decimal
416,11HUGS,315.850833,57.287222,Decimal
417,11HUGS,316.46375,57.208889,Decimal
418,11HUGS,322.2625,-52.7675,Decimal
419,11HUGS,324.119167,-54.556667,Decimal
420,11HUGS,330.674583,-51.295556,Decimal
421,11HUGS,330.89125,43.749167,Decimal
422,11HUGS,335.625,-48.405,Decimal
423,11HUGS,342.440833,-68.690556,Decimal
424,11HUGS,350.5275,40.845278,Decimal
425,11HUGS,351.176667,41.346667,Decimal
426,11HUGS,351.614583,-32.388889,Decimal
427,11HUGS,351.733333,-37.346944,Decimal
428,11HUGS,352.150833,14.743056,Decimal
429,11HUGS,352.494583,40.990278,Decimal
430,11HUGS,353.614167,-36.101389,Decimal
431,11HUGS,354.064167,-37.938611,Decimal
432,11HUGS,354.56,30.708056,Decimal
433,11HUGS,355.939583,-31.956111,Decimal
434,11HUGS,357.347917,-37.771944,Decimal
435,11HUGS,358.011667,-52.577778,Decimal
436,11HUGS,359.457083,-32.591667,Decimal
437,ANGST,04:04.0,-27:19:55,hms
438,ANGST,11:00.8,-04:41:34,hms
439,ANGST,03:07.2,-26:09:36,hms
440,ANGST,00:00.1,5:19:56,hms
441,ANGST,13:47.6,54:22:16,hms
442,ANGST,07:10.7,35:03:37,hms
443,ANGST,15:31.4,-32:10:48,hms
444,ANGST,26:33.3,-41:51:20,hms
445,ANGST,15:08.5,-39:13:13,hms
446,ANGST,02:41.9,-51:17:43,hms
447,ANGST,58:40.4,14:13:03,hms
448,ANGST,54:53.5,-37:40:57,hms
449,ANGST,26:27.5,-32:23:26,hms
450,ANGST,15:56.5,23:03:19,hms
451,ANGST,45:34.0,38:43:04,hms
452,ANGST,27:41.8,43:29:38,hms
453,ANGST,30:44.4,54:54:36,hms
454,ANGST,54:33.6,4:14:35,hms
455,ANGST,50:53.0,38:52:50,hms
456,ANGST,24:43.5,44:31:33,hms
457,ANGST,14:57.9,36:13:08,hms
458,ANGST,15:38.9,36:19:39,hms
459,ANGST,39:53.8,40:44:21,hms
460,ANGST,36:06.4,45:17:07,hms
461,ANGST,12:08.9,36:10:10,hms
462,ANGST,09:26.9,35:43:03,hms
463,ANGST,38:40.0,32:46:00,hms
464,ANGST,54:48.7,35:50:15,hms
465,ANGST,50:51.1,38:01:16,hms
466,ANGST,28:52.0,69:12:19,hms
467,ANGST,34:11.3,66:53:10,hms
468,ANGST,13:49.6,-38:13:53,hms
469,ANGST,37:03.0,69:46:31,hms
470,ANGST,36:54.4,65:35:58,hms
471,ANGST,49:49.3,-21:00:58,hms
472,ANGST,47:45.8,80:07:26,hms
473,ANGST,19:05.9,70:42:51,hms
474,ANGST,49:21.1,-18:04:28,hms
475,ANGST,15:46.7,52:23:15,hms
476,ANGST,50:24.6,-19:54:25,hms
477,ANGST,45:25.6,68:45:27,hms
478,ANGST,50:10.0,67:30:24,hms
479,ANGST,05:07.3,66:33:18,hms
480,ANGST,13:44.6,36:38:00,hms
481,ANGST,55:53.9,69:40:57,hms
482,ANGST,23:56.0,71:01:46,hms
483,ANGST,34:06.5,66:10:45,hms
484,ANGST,47:15.6,67:54:49,hms
485,ANGST,57:02.7,68:35:30,hms
486,ANGST,55:33.5,69:04:00,hms
487,ANGST,47:08.3,-20:45:36,hms
488,ANGST,57:32.4,69:02:35,hms
489,ANGST,07:01.9,67:49:39,hms
490,ANGST,08:05.9,68:23:57,hms
491,ANGST,52:55.3,69:32:45,hms
492,ANGST,26:27.9,67:39:24,hms
493,ANGST,44:47.1,67:26:19,hms
494,ANGST,04:40.3,68:15:20,hms
495,ANGST,03:21.0,68:44:02,hms
496,ANGST,40:28.2,71:11:11,hms
497,ANGST,34:31.9,66:00:42,hms
498,ANGST,57:29.0,69:16:20,hms
499,ANGST,00:16.0,63:11:06,hms
500,ANGST,47:34.3,-25:17:32,hms
501,ANGST,21:25.2,71:06:58,hms
502,ANGST,30:35.0,70:37:10,hms
503,ANGST,53:48.5,68:58:09,hms
504,ANGST,28:22.4,68:24:58,hms
505,ANGST,23:51.7,-24:42:18,hms
506,CGS,17 39 31.76,?85 18 37.3,hms
507,CGS,21 52 26.37,?81 31 51.1,hms
508,CGS,22 23 04.19,?79 59 49.1,hms
509,CGS,05 23 34.52,?69 45 22.1,hms
510,CGS,08 57 26.71,?69 03 36.5,hms
511,CGS,09 13 31.59,?63 37 35.1,hms
512,CGS,14 13 09.95,?65 20 21.2,hms
513,CGS,06 07 29.69,?61 48 26.9,hms
514,CGS,06 21 38.68,?59 44 23.8,hms
515,CGS,16 02 35.49,?61 46 28.4,hms
516,CGS,16 20 58.39,?60 29 27.7,hms
517,CGS,16 35 14.11,?58 04 48.1,hms
518,CGS,16 40 52.50,?60 23 39.5,hms
519,CGS,16 53 53.52,?58 46 44.5,hms
520,CGS,16 59 02.89,?60 12 56.6,hms
521,CGS,17 29 18.45,?62 27 54.7,hms
522,CGS,18 56 55.90,?54 32 43.2,hms
523,CGS,20 03 27.00,?55 56 49.3,hms
524,CGS,20 34 02.12,?52 58 52.6,hms
525,CGS,07 33 56.26,?50 26 35.1,hms
526,CGS,07 58 15.45,?49 51 16.1,hms
527,CGS,10 16 55.44,?48 52 51.9,hms
528,CGS,13 02 21.04,?50 20 03.7,hms
529,CGS,14 08 23.68,?47 58 14.4,hms
530,CGS,14 12 09.17,?49 23 22.8,hms
531,CGS,11 07 48.52,?46 31 33.5,hms
532,CGS,13 10 04.46,?46 26 14.3,hms
533,CGS,13 34 47.51,?45 32 52.3,hms
534,CGS,14 00 46.40,?45 25 06.3,hms
535,CGS,14 58 30.38,?47 41 56.7,hms
536,CGS,15 14 13.43,?46 48 24.9,hms
537,CGS,07 47 34.05,?41 27 06.7,hms
538,CGS,11 49 50.29,?38 47 03.9,hms
539,CGS,12 21 42.92,?39 46 10.4,hms
540,CGS,01 00 10.73,?33 42 13.1,hms
541,CGS,02 40 01.45,?34 26 49.9,hms
542,CGS,03 46 18.94,?34 56 33.4,hms
543,CGS,05 16 38.70,?37 06 08.6,hms
544,CGS,09 33 21.57,?33 02 01.2,hms
545,CGS,12 14 45.12,?35 30 35.1,hms
546,CGS,12 15 34.27,?35 37 46.9,hms
547,CGS,13 49 17.52,?36 03 37.2,hms
548,CGS,13 51 19.34,?33 48 26.1,hms
549,CGS,10 28 53.54,?31 36 32.2,hms
550,CGS,11 48 45.53,?28 17 37.1,hms
551,CGS,12 52 13.31,?29 50 26.4,hms
552,CGS,14 01 04.03,?30 19 37.2,hms
553,CGS,02 26 21.74,?24 17 23.6,hms
554,CGS,08 06 11.09,?27 31 41.2,hms
555,CGS,08 36 15.19,?26 24 33.9,hms
556,CGS,12 21 49.03,?24 10 05.7,hms
557,CGS,12 51 31.83,?26 27 06.9,hms
558,CGS,06 21 05.55,?20 02 54.6,hms
559,CGS,15 26 08.02,?22 16 56.8,hms
560,CGS,05 53 00.07,?17 52 34.1,hms
561,CGS,12 10 14.18,?29 44 11.6,hms
562,CGS,22 57 10.58,?36 27 43.6,hms
563,CGS,01 09 55.49,?45 55 51.9,hms
564,CGS,03 33 41.81,?21 28 43.4,hms
565,CGS,03 31 31.50,?51 54 17.6,hms
566,CGS,03 47 04.83,?33 42 36.2,hms
567,CGS,03 49 07.66,?48 51 29.9,hms
568,CGS,03 54 28.42,?35 58 01.5,hms
569,CGS,04 09 01.84,?45 31 03.2,hms
570,CGS,03 52 00.70,?83 49 50.9,hms
571,CGS,04 16 24.47,?60 12 24.1,hms
572,CGS,05 51 18.55,?38 19 13.7,hms
573,CGS,06 16 27.98,?21 22 33.1,hms
574,CGS,08 18 45.96,?25 22 11.2,hms
575,CGS,08 24 10.04,?18 46 32.3,hms
576,CGS,09 23 01.00,?32 26 58.9,hms
577,CGS,09 55 08.98,?33 08 13.8,hms
578,CGS,09 59 55.39,?29 37 01.3,hms
579,CGS,10 03 51.87,?27 34 15.1,hms
580,CGS,10 08 50.72,?67 01 52.4,hms
581,CGS,10 16 18.69,?33 33 49.7,hms
582,CGS,10 37 47.31,?27 04 52.3,hms
583,CGS,11 09 53.35,?23 43 33.2,hms
584,CGS,11 27 05.02,?28 58 48.6,hms
585,CGS,12 05 46.97,?27 56 25.4,hms
586,CGS,12 23 45.18,?34 37 19.8,hms
587,CGS,12 27 37.33,?39 20 16.1,hms
588,CGS,12 56 43.19,?50 20 48.8,hms
589,CGS,13 17 42.69,?32 06 05.8,hms
590,CGS,13 36 39.01,?33 57 56.6,hms
591,CGS,13 49 05.32,?30 17 44.8,hms
592,CGS,13 57 54.19,?29 18 56.2,hms
593,CGS,14 21 12.97,?46 17 51.3,hms
594,CGS,14 31 38.62,?43 25 09.1,hms
595,CGS,15 21 11.59,?23 39 30.1,hms
596,CGS,16 57 50.13,?76 59 34.6,hms
597,CGS,17 23 53.14,?59 59 57.7,hms
598,CGS,17 47 07.95,?64 38 34.1,hms
599,CGS,18 28 37.58,?66 58 58.3,hms
600,CGS,18 34 24.71,?58 29 47.7,hms
601,CGS,18 41 52.57,?63 51 42.9,hms
602,CGS,18 47 18.13,?63 19 51.9,hms
603,CGS,18 56 29.68,?54 18 20.3,hms
604,CGS,19 01 07.62,?45 18 49.2,hms
605,CGS,19 14 43.78,?62 16 20.6,hms
606,CGS,19 15 16.19,?54 07 56.9,hms
607,CGS,19 20 22.42,?60 23 20.7,hms
608,CGS,19 45 15.11,?54 20 38.6,hms
609,CGS,19 54 23.55,?58 42 48.7,hms
610,CGS,20 23 58.06,?43 59 42.8,hms
611,CGS,20 18 23.28,?41 03 00.3,hms
612,CGS,20 28 33.78,?36 01 37.5,hms
613,CGS,20 52 06.55,?69 12 11.5,hms
614,CGS,22 02 41.11,?51 17 47.7,hms
615,CGS,22 13 21.64,?46 01 02.7,hms
616,CGS,22 20 57.39,?46 02 09.7,hms
617,CGS,22 41 52.35,?44 46 01.7,hms
618,CGS,22 47 19.68,?65 03 32.1,hms
619,CGS,22 57 13.46,?43 23 45.1,hms
620,CGS,22 59 26.64,?37 42 10.2,hms
621,CGS,23 28 43.37,?41 19 59.4,hms
622,CGS,23 33 16.40,?45 00 56.9,hms
623,CGS,23 34 27.44,?36 06 03.6,hms
624,CGS,00 09 56.15,?24 57 49.8,hms
625,CGS,00 14 03.99,?23 10 55.5,hms
626,CGS,00 15 08.50,?39 13 13.0,hms
627,CGS,00 30 21.95,?33 14 38.2,hms
628,CGS,00 34 15.43,?27 48 12.7,hms
629,CGS,00 34 02.79,?09 42 19.4,hms
630,CGS,00 34 46.76,?08 23 47.2,hms
631,CGS,00 40 34.95,?13 52 21.9,hms
632,CGS,00 46 05.38,?01 43 24.3,hms
633,CGS,00 47 08.46,?20 45 37.0,hms
634,CGS,00 47 32.86,?25 17 20.7,hms
635,CGS,00 47 27.59,?31 25 18.4,hms
636,CGS,00 47 47.19,?11 28 07.5,hms
637,CGS,00 51 04.45,?07 03 55.6,hms
638,CGS,00 52 42.22,?31 12 20.9,hms
639,CGS,00 54 53.48,?37 41 03.8,hms
640,CGS,00 59 49.98,?07 34 34.9,hms
641,CGS,01 12 14.10,?58 14 52.5,hms
642,CGS,01 30 28.56,?22 40 01.5,hms
643,CGS,01 31 20.68,?06 52 04.6,hms
644,CGS,01 32 51.85,?07 01 53.5,hms
645,CGS,01 34 18.17,?29 25 06.1,hms
646,CGS,01 35 05.67,?07 20 24.7,hms
647,CGS,01 35 04.63,?41 26 10.3,hms
648,CGS,01 39 06.52,?07 30 45.3,hms
649,CGS,01 49 10.79,?10 25 34.7,hms
650,CGS,01 47 42.81,?52 45 42.5,hms
651,CGS,01 51 03.84,?09 42 09.7,hms
652,CGS,01 53 00.46,?13 44 18.4,hms
653,CGS,01 59 42.61,?05 57 51.2,hms
654,CGS,01 57 40.33,?57 47 24.4,hms
655,CGS,02 21 36.42,?05 31 16.3,hms
656,CGS,02 23 04.51,?21 14 01.6,hms
657,CGS,02 25 04.44,?24 47 17.2,hms
658,CGS,02 27 37.39,?01 09 21.4,hms
659,CGS,02 28 37.26,?10 32 20.5,hms
660,CGS,02 30 42.76,?02 56 20.4,hms
661,CGS,02 33 34.29,?39 02 42.1,hms
662,CGS,02 35 27.69,?09 21 21.9,hms
663,CGS,02 38 32.70,?06 40 38.6,hms
664,CGS,02 40 23.95,?08 26 00.5,hms
665,CGS,02 41 04.79,?08 15 20.7,hms
666,CGS,02 42 40.65,?00 00 47.6,hms
667,CGS,02 43 44.29,?29 00 11.6,hms
668,CGS,02 45 59.85,?07 34 42.2,hms
669,CGS,02 46 25.23,?00 29 57.1,hms
670,CGS,02 46 33.88,?00 14 49.8,hms
671,CGS,02 46 18.97,?30 16 29.0,hms
672,CGS,03 01 36.01,?14 50 11.4,hms
673,CGS,03 02 38.46,?18 53 52.7,hms
674,CGS,03 02 37.52,?22 52 01.7,hms
675,CGS,03 03 38.37,?15 36 48.4,hms
676,CGS,03 04 07.97,?26 04 10.5,hms
677,CGS,03 06 02.97,?15 36 39.9,hms
678,CGS,03 09 45.51,?20 34 45.5,hms
679,CGS,03 10 01.24,?53 20 09.5,hms
680,CGS,03 14 09.06,?02 49 20.9,hms
681,CGS,03 13 31.94,?25 43 30.2,hms
682,CGS,03 17 18.54,?41 06 28.4,hms
683,CGS,03 18 14.82,?27 36 37.5,hms
684,CGS,03 19 40.98,?19 24 40.3,hms
685,CGS,03 19 51.16,?26 03 37.6,hms
686,CGS,03 22 06.52,?15 23 59.8,hms
687,CGS,03 18 16.05,?66 29 53.7,hms
688,CGS,03 22 41.63,?37 12 28.5,hms
689,CGS,03 22 44.23,?37 06 13.2,hms
690,CGS,03 24 25.53,?21 32 38.5,hms
691,CGS,03 23 56.29,?36 27 51.9,hms
692,CGS,03 26 17.19,?21 20 06.6,hms
693,CGS,03 28 05.87,?08 23 18.4,hms
694,CGS,03 28 06.53,?32 17 09.6,hms
695,CGS,03 28 19.59,?31 04 05.1,hms
696,CGS,03 31 08.04,?33 37 41.8,hms
697,CGS,03 30 34.91,?34 51 14.1,hms
698,CGS,03 32 02.96,?20 49 08.1,hms
699,CGS,03 33 17.02,?13 39 50.9,hms
700,CGS,03 33 36.37,?36 08 25.5,hms
701,CGS,03 35 01.33,?24 55 59.5,hms
702,CGS,03 35 16.57,?35 13 34.6,hms
703,CGS,03 36 03.96,?35 26 28.6,hms
704,CGS,03 36 27.58,?34 58 33.8,hms
705,CGS,03 36 31.63,?35 17 42.8,hms
706,CGS,03 37 28.28,?24 30 04.5,hms
707,CGS,03 36 46.15,?35 59 57.3,hms
708,CGS,03 36 56.98,?35 30 23.8,hms
709,CGS,03 37 11.73,?35 44 45.9,hms
710,CGS,03 38 29.67,?23 01 38.5,hms
711,CGS,03 38 52.01,?26 20 15.6,hms
712,CGS,03 38 28.99,?35 27 01.8,hms
713,CGS,03 39 30.79,?18 41 17.3,hms
714,CGS,03 38 51.89,?35 35 39.3,hms
715,CGS,03 40 11.80,?18 34 48.4,hms
716,CGS,03 38 44.84,?44 06 02.1,hms
717,CGS,03 40 56.81,?22 33 52.1,hms
718,CGS,03 41 57.38,?04 42 17.5,hms
719,CGS,03 42 29.28,?13 29 17.1,hms
720,CGS,03 42 11.45,?29 53 35.9,hms
721,CGS,03 42 49.04,?22 06 30.2,hms
722,CGS,03 42 19.43,?35 23 33.3,hms
723,CGS,03 42 01.48,?47 13 18.8,hms
724,CGS,03 43 37.04,?35 51 11.2,hms
725,CGS,03 44 49.88,?21 55 14.3,hms
726,CGS,03 44 31.95,?44 38 42.1,hms
727,CGS,03 45 22.29,?18 38 01.3,hms
728,CGS,03 46 27.19,?03 58 07.8,hms
729,CGS,03 48 27.10,?16 23 34.3,hms
730,CGS,03 55 44.79,?42 22 05.4,hms
731,CGS,03 57 27.39,?46 12 38.4,hms
732,CGS,03 57 42.26,?48 54 30.1,hms
733,CGS,04 04 27.16,?02 11 20.3,hms
734,CGS,03 59 37.45,?67 38 04.8,hms
735,CGS,04 03 54.13,?43 20 55.5,hms
736,CGS,04 04 02.53,?54 05 59.9,hms
737,CGS,04 06 49.21,?21 10 34.1,hms
738,CGS,04 08 18.88,?21 03 07.3,hms
739,CGS,04 08 24.05,?47 53 49.1,hms
740,CGS,04 12 04.35,?32 52 26.9,hms
741,CGS,04 12 04.33,?32 52 27.2,hms
742,CGS,04 09 51.79,?56 07 06.3,hms
743,CGS,04 13 40.63,?31 38 42.7,hms
744,CGS,04 12 43.11,?57 44 16.4,hms
745,CGS,04 14 36.34,?56 03 38.8,hms
746,CGS,04 15 45.06,?55 35 32.0,hms
747,CGS,04 16 10.45,?55 46 47.9,hms
748,CGS,04 17 35.75,?62 47 01.6,hms
749,CGS,04 20 00.39,?54 56 16.4,hms
750,CGS,04 21 58.68,?56 58 28.3,hms
751,CGS,04 27 38.08,?55 01 39.8,hms
752,CGS,04 31 39.82,?05 05 10.5,hms
753,CGS,04 31 39.35,?54 36 07.7,hms
754,CGS,04 41 28.14,?02 51 28.5,hms
755,CGS,04 42 14.49,?20 26 05.4,hms
756,CGS,04 48 37.14,?06 19 11.9,hms
757,CGS,04 45 42.42,?59 14 50.6,hms
758,CGS,04 49 55.03,?31 57 56.1,hms
759,CGS,04 48 23.76,?59 48 01.3,hms
760,CGS,04 56 56.26,?04 51 56.7,hms
761,CGS,04 52 52.07,?59 44 32.2,hms
762,CGS,04 54 13.45,?53 21 39.6,hms
763,CGS,04 59 25.86,?10 58 50.6,hms
764,CGS,04 59 41.85,?07 45 18.8,hms
765,CGS,04 59 57.70,?26 01 20.1,hms
766,CGS,05 05 27.07,?11 52 16.8,hms
767,CGS,05 05 14.42,?37 58 50.1,hms
768,CGS,05 02 42.42,?61 08 24.1,hms
769,CGS,05 07 42.28,?37 30 45.6,hms
770,CGS,05 12 03.32,?15 41 15.9,hms
771,CGS,05 22 34.40,?11 29 58.9,hms
772,CGS,05 17 09.05,?64 57 35.1,hms
773,CGS,05 26 47.40,?63 45 36.8,hms
774,CGS,05 32 48.30,?14 03 45.5,hms
775,CGS,05 33 21.57,?21 56 45.6,hms
776,CGS,05 41 51.07,?64 18 04.4,hms
777,CGS,05 47 01.85,?34 15 01.7,hms
778,CGS,06 01 07.94,?23 40 20.8,hms
779,CGS,06 10 10.07,?34 06 14.4,hms
780,CGS,06 12 09.63,?21 48 21.7,hms
781,CGS,06 16 22.00,?21 22 22.1,hms
782,CGS,06 21 39.72,?27 14 01.7,hms
783,CGS,06 24 35.89,?22 50 17.9,hms
784,CGS,06 42 41.24,?27 27 34.3,hms
785,CGS,06 44 49.03,?27 38 18.6,hms
786,CGS,06 47 39.64,?26 44 46.5,hms
787,CGS,06 47 42.80,?26 45 15.5,hms
788,CGS,06 48 37.25,?64 16 23.9,hms
789,CGS,06 53 53.95,?40 51 45.8,hms
790,CGS,07 02 40.37,?28 41 50.3,hms
791,CGS,07 23 54.61,?27 31 43.8,hms
792,CGS,07 21 19.92,?69 00 05.7,hms
793,CGS,07 30 12.08,?62 15 09.5,hms
794,CGS,07 36 28.57,?47 38 13.3,hms
795,CGS,07 34 51.14,?69 17 03.5,hms
796,CGS,07 36 23.82,?69 31 51.3,hms
797,CGS,08 05 38.02,?11 25 37.5,hms
798,CGS,08 17 06.08,?27 27 20.0,hms
799,CGS,08 18 45.56,?25 29 58.2,hms
800,CGS,08 33 22.76,?22 58 24.9,hms
801,CGS,08 37 24.52,?55 07 25.0,hms
802,CGS,08 45 08.14,?33 47 40.9,hms
803,CGS,08 54 27.04,?03 04 00.9,hms
804,CGS,08 55 36.47,?03 11 02.4,hms
805,CGS,08 56 08.05,?03 21 36.6,hms
806,CGS,09 06 49.03,?15 29 59.7,hms
807,CGS,09 11 27.49,?14 49 00.4,hms
808,CGS,09 12 19.40,?24 10 21.4,hms
809,CGS,09 16 11.08,?16 18 45.9,hms
810,CGS,09 16 19.74,?23 37 59.9,hms
811,CGS,09 13 50.48,?69 38 42.8,hms
812,CGS,09 17 52.82,?22 21 17.2,hms
813,CGS,09 20 09.87,?16 31 32.9,hms
814,CGS,09 21 27.47,?11 54 34.3,hms
815,CGS,09 23 30.19,?23 09 40.8,hms
816,CGS,09 27 12.58,?11 38 36.6,hms
817,CGS,09 31 36.58,?16 44 05.0,hms
818,CGS,09 36 44.82,?21 07 41.7,hms
819,CGS,09 36 05.82,?12 26 11.8,hms
820,CGS,09 42 33.27,?03 41 57.0,hms
821,CGS,09 43 41.09,?20 28 38.4,hms
822,CGS,09 44 16.02,?21 16 41.1,hms
823,CGS,09 45 38.79,?31 11 27.9,hms
824,CGS,09 46 18.65,?30 26 14.9,hms
825,CGS,09 51 15.47,?32 45 09.1,hms
826,CGS,09 54 27.92,?18 38 20.1,hms
827,CGS,09 54 28.58,?25 42 12.1,hms
828,CGS,09 54 32.86,?28 17 53.6,hms
829,CGS,09 50 08.43,?73 55 18.6,hms
830,CGS,09 58 24.58,?26 55 35.8,hms
831,CGS,09 59 08.67,?34 13 30.9,hms
832,CGS,10 00 14.13,?19 38 11.0,hms
833,CGS,10 00 05.84,?31 33 10.4,hms
834,CGS,10 00 40.81,?31 39 52.1,hms
835,CGS,10 02 29.01,?31 40 38.6,hms
836,CGS,10 03 10.69,?26 09 27.9,hms
837,CGS,10 05 13.91,?07 43 06.8,hms
838,CGS,10 06 39.88,?19 13 17.6,hms
839,CGS,10 05 48.05,?67 22 40.6,hms
840,CGS,10 09 07.42,?29 03 50.8,hms
841,CGS,10 10 09.86,?12 26 01.7,hms
842,CGS,10 14 42.32,?28 52 19.8,hms
843,CGS,10 18 36.50,?17 58 57.1,hms
844,CGS,10 21 35.07,?34 16 00.6,hms
845,CGS,10 26 32.28,?39 56 38.6,hms
846,CGS,10 27 51.20,?43 54 14.0,hms
847,CGS,10 28 53.51,?35 36 19.6,hms
848,CGS,10 29 01.47,?44 39 24.9,hms
849,CGS,10 29 13.38,?44 07 22.2,hms
850,CGS,10 30 00.66,?35 19 31.4,hms
851,CGS,10 30 26.49,?35 21 34.1,hms
852,CGS,10 30 51.75,?36 44 13.0,hms
853,CGS,10 31 52.06,?34 51 13.1,hms
854,CGS,10 31 11.60,?46 15 05.0,hms
855,CGS,10 36 35.65,?27 31 06.4,hms
856,CGS,10 36 42.82,?27 31 42.0,hms
857,CGS,10 37 02.53,?27 33 54.1,hms
858,CGS,10 37 25.45,?25 19 09.6,hms
859,CGS,10 37 15.49,?41 37 39.0,hms
860,CGS,10 42 46.61,?36 21 11.6,hms
861,CGS,10 43 33.02,?36 24 38.6,hms
862,CGS,10 35 08.27,?43 41 30.6,hms
863,CGS,10 48 04.35,?31 32 00.4,hms
864,CGS,10 48 03.63,?20 50 57.0,hms
865,CGS,11 03 23.87,?23 05 09.3,hms
866,CGS,11 03 46.04,?23 14 43.7,hms
867,CGS,11 05 48.54,?00 02 09.1,hms
868,CGS,11 09 57.62,?37 32 21.0,hms
869,CGS,11 10 48.58,?37 26 53.1,hms
870,CGS,11 13 17.09,?26 45 17.2,hms
871,CGS,11 18 16.54,?32 48 50.6,hms
872,CGS,11 23 32.26,?08 39 30.6,hms
873,CGS,11 25 02.44,?09 47 43.0,hms
874,CGS,11 25 12.86,?26 44 11.9,hms
875,CGS,11 29 44.42,?36 23 28.7,hms
876,CGS,11 31 31.97,?30 18 27.9,hms
877,CGS,11 36 30.17,?09 50 48.2,hms
878,CGS,11 39 01.73,?37 44 18.9,hms
879,CGS,11 46 06.46,?56 23 28.0,hms
880,CGS,11 46 46.45,?27 55 19.9,hms
881,CGS,11 47 04.59,?16 51 16.6,hms
882,CGS,11 48 01.04,?10 57 43.5,hms
883,CGS,11 49 13.22,?29 16 36.5,hms
884,CGS,11 51 01.73,?28 48 21.5,hms
885,CGS,11 52 20.57,?26 54 21.4,hms
886,CGS,11 53 57.16,?23 09 51.5,hms
887,CGS,11 54 00.69,?20 34 02.3,hms
888,CGS,11 54 40.06,?13 58 29.9,hms
889,CGS,11 56 07.41,?19 53 45.2,hms
890,CGS,11 58 31.22,?18 20 48.4,hms
891,CGS,11 59 30.14,?19 15 55.5,hms
892,CGS,12 00 23.61,?01 06 00.0,hms
893,CGS,12 00 34.71,?17 50 33.5,hms
894,CGS,12 01 53.01,?18 52 03.4,hms
895,CGS,12 01 53.51,?18 53 10.3,hms
896,CGS,12 02 53.91,?16 22 24.9,hms
897,CGS,12 05 53.93,?14 31 35.3,hms
898,CGS,12 06 42.32,?29 45 51.5,hms
899,CGS,12 06 44.80,?29 46 05.9,hms
900,CGS,12 07 09.47,?40 12 29.5,hms
901,CGS,12 16 27.33,?43 19 27.5,hms
902,CGS,12 22 12.73,?33 29 04.5,hms
903,CGS,12 25 13.61,?39 46 05.5,hms
904,CGS,12 25 37.69,?39 19 10.5,hms
905,CGS,12 29 21.13,?23 09 59.8,hms
906,CGS,12 31 04.47,?08 03 14.6,hms
907,CGS,12 32 17.41,?07 33 48.9,hms
908,CGS,12 35 29.47,?03 47 35.2,hms
909,CGS,12 39 18.69,?00 31 53.6,hms
910,CGS,12 39 39.41,?05 20 38.9,hms
911,CGS,12 39 59.39,?11 37 22.9,hms
912,CGS,12 40 36.89,?05 07 57.9,hms
913,CGS,12 40 55.19,?40 58 34.9,hms
914,CGS,12 42 31.99,?00 04 57.3,hms
915,CGS,12 44 19.60,?40 43 54.2,hms
916,CGS,12 43 50.87,?00 33 40.2,hms
917,CGS,12 45 08.61,?00 27 42.9,hms
918,CGS,12 47 17.52,?02 43 38.6,hms
919,CGS,12 48 13.64,?03 19 58.3,hms
920,CGS,12 48 49.23,?41 18 39.3,hms
921,CGS,12 48 35.87,?05 48 02.4,hms
922,CGS,12 49 02.19,?08 39 51.7,hms
923,CGS,12 49 08.23,?11 24 35.7,hms
924,CGS,12 49 24.95,?05 11 44.8,hms
925,CGS,12 50 03.91,?41 22 55.1,hms
926,CGS,12 50 57.19,?14 19 58.2,hms
927,CGS,12 51 01.16,?06 23 34.5,hms
928,CGS,12 51 48.01,?10 27 17.1,hms
929,CGS,12 52 22.06,?01 11 58.3,hms
930,CGS,12 53 07.23,?10 29 39.2,hms
931,CGS,12 53 52.91,?39 42 51.4,hms
932,CGS,12 53 45.65,?06 37 19.9,hms
933,CGS,12 54 23.75,?10 32 13.6,hms
934,CGS,12 54 32.39,?06 51 33.7,hms
935,CGS,12 55 49.63,?12 03 18.7,hms
936,CGS,12 56 48.88,?08 31 31.0,hms
937,CGS,12 57 12.26,?13 39 53.2,hms
938,CGS,12 58 07.93,?46 15 51.2,hms
939,CGS,12 59 21.23,?15 02 31.2,hms
940,CGS,13 00 56.59,?13 56 38.9,hms
941,CGS,13 00 59.69,?14 30 48.5,hms
942,CGS,13 04 05.21,?41 24 41.1,hms
943,CGS,13 03 56.92,?11 29 48.1,hms
944,CGS,13 04 17.10,?30 31 34.2,hms
945,CGS,13 04 14.32,?10 20 22.3,hms
946,CGS,13 04 13.09,?05 33 05.6,hms
947,CGS,13 05 27.09,?49 28 02.1,hms
948,CGS,13 05 20.19,?35 20 14.4,hms
949,CGS,13 05 07.72,?06 29 37.8,hms
950,CGS,13 05 48.87,?08 01 12.9,hms
951,CGS,13 07 09.36,?28 13 41.7,hms
952,CGS,13 08 37.55,?49 30 21.9,hms
953,CGS,13 08 48.69,?06 46 38.9,hms
954,CGS,13 08 57.22,?15 30 58.5,hms
955,CGS,13 09 40.61,?07 49 59.9,hms
956,CGS,13 12 51.85,?43 05 46.4,hms
957,CGS,13 13 01.05,?19 31 05.8,hms
958,CGS,13 14 13.62,?42 57 40.6,hms
959,CGS,13 15 30.99,?23 59 01.9,hms
960,CGS,13 15 23.95,?16 23 07.6,hms
961,CGS,13 16 58.42,?16 38 04.4,hms
962,CGS,13 18 05.11,?26 50 13.8,hms
963,CGS,13 18 54.72,?21 02 20.2,hms
964,CGS,13 19 31.64,?12 39 24.9,hms
965,CGS,13 19 50.06,?27 24 36.5,hms
966,CGS,13 20 16.81,?21 49 38.6,hms
967,CGS,13 20 24.95,?20 36 39.6,hms
968,CGS,13 21 12.85,?43 42 16.9,hms
969,CGS,13 21 46.15,?27 25 49.2,hms
970,CGS,13 21 57.59,?36 37 48.1,hms
971,CGS,13 24 45.60,?37 40 55.6,hms
972,CGS,13 25 27.97,?43 01 05.1,hms
973,CGS,13 25 18.52,?21 08 03.3,hms
974,CGS,13 25 44.01,?29 50 00.9,hms
975,CGS,13 28 44.08,?48 55 00.4,hms
976,CGS,13 29 13.92,?33 10 25.5,hms
977,CGS,13 29 48.76,?17 57 59.4,hms
978,CGS,13 31 28.27,?34 47 39.1,hms
979,CGS,13 31 53.49,?33 14 03.3,hms
980,CGS,13 33 43.97,?48 09 04.0,hms
981,CGS,13 37 00.92,?29 51 56.5,hms
982,CGS,13 38 02.99,?17 53 02.3,hms
983,CGS,13 39 56.01,?31 38 25.0,hms
984,CGS,13 39 37.89,?11 29 37.8,hms
985,CGS,13 41 36.39,?29 54 47.1,hms
986,CGS,13 43 02.12,?48 10 09.9,hms
987,CGS,13 47 40.05,?30 56 21.9,hms
988,CGS,13 52 05.90,?06 03 29.7,hms
989,CGS,13 52 53.30,?28 29 21.5,hms
990,CGS,13 54 24.23,?48 30 44.9,hms
991,CGS,13 52 54.41,?01 06 52.5,hms
992,CGS,13 54 00.26,?07 55 50.1,hms
993,CGS,14 03 20.56,?41 22 41.8,hms
994,CGS,14 03 38.71,?33 58 41.7,hms
995,CGS,14 03 24.85,?06 04 08.8,hms
996,CGS,14 03 26.05,?06 01 50.9,hms
997,CGS,14 06 34.89,?05 27 10.7,hms
998,CGS,14 10 25.04,?43 19 28.4,hms
999,CGS,14 13 14.86,?03 12 27.3,hms
1000,CGS,14 15 54.67,?48 06 53.6,hms
1001,CGS,14 18 27.27,?43 23 17.4,hms
1002,CGS,14 20 34.06,?29 14 30.3,hms
1003,CGS,14 24 27.43,?16 45 45.8,hms
1004,CGS,14 32 40.71,?44 10 27.9,hms
1005,CGS,14 39 35.14,?45 01 08.4,hms
1006,CGS,14 40 11.49,?00 17 20.0,hms
1007,CGS,14 42 23.88,?17 15 11.0,hms
1008,CGS,14 58 56.26,?42 00 47.8,hms
1009,CGS,14 58 46.19,?19 16 00.8,hms
1010,CGS,14 58 22.66,?01 05 27.6,hms
1011,CGS,14 59 24.08,?16 37 26.0,hms
1012,CGS,15 00 55.66,?07 27 26.6,hms
1013,CGS,15 11 53.68,?72 51 33.5,hms
1014,CGS,15 09 16.07,?11 19 17.9,hms
1015,CGS,15 13 45.69,?14 16 11.5,hms
1016,CGS,15 15 04.16,?10 05 09.5,hms
1017,CGS,15 13 48.17,?15 27 49.4,hms
1018,CGS,15 18 13.58,?24 05 52.2,hms
1019,CGS,15 18 36.51,?24 04 06.7,hms
1020,CGS,15 21 33.03,?13 05 30.7,hms
1021,CGS,15 36 26.18,?66 51 34.4,hms
1022,CGS,15 48 15.89,?75 40 22.5,hms
1023,CGS,16 21 48.58,?02 17 00.5,hms
1024,CGS,16 34 52.52,?60 37 07.7,hms
1025,CGS,16 51 06.84,?58 59 35.3,hms
1026,CGS,16 52 46.29,?59 13 00.8,hms
1027,CGS,17 16 59.49,?62 49 13.7,hms
1028,CGS,17 43 30.28,?69 47 06.6,hms
1029,CGS,18 22 17.48,?85 24 07.4,hms
1030,CGS,18 22 35.49,?85 24 22.8,hms
1031,CGS,18 02 48.34,?66 25 49.8,hms
1032,CGS,18 45 06.33,?62 17 49.5,hms
1033,CGS,18 48 57.83,?65 10 23.9,hms
1034,CGS,18 52 02.08,?57 19 14.4,hms
1035,CGS,19 09 46.11,?63 51 26.7,hms
1036,CGS,19 11 23.58,?57 02 57.4,hms
1037,CGS,19 11 25.73,?50 38 31.6,hms
1038,CGS,19 13 52.33,?56 18 35.8,hms
1039,CGS,19 18 31.96,?60 31 33.9,hms
1040,CGS,19 18 37.28,?60 29 47.4,hms
1041,CGS,19 23 57.82,?59 55 20.7,hms
1042,CGS,19 26 49.73,?54 57 04.6,hms
1043,CGS,19 43 34.39,?58 39 19.9,hms
1044,CGS,19 42 40.56,?10 19 25.0,hms
1045,CGS,19 44 56.52,?14 48 32.6,hms
1046,CGS,20 03 34.32,?48 17 04.2,hms
1047,CGS,20 07 19.42,?48 22 12.4,hms
1048,CGS,20 09 53.98,?48 22 46.3,hms
1049,CGS,20 16 56.37,?70 46 04.8,hms
1050,CGS,20 18 19.09,?70 51 31.4,hms
1051,CGS,20 17 17.29,?52 47 48.2,hms
1052,CGS,20 20 49.61,?48 14 20.7,hms
1053,CGS,20 24 28.04,?43 39 12.3,hms
1054,CGS,20 25 06.65,?24 48 32.6,hms
1055,CGS,20 27 38.91,?47 01 36.8,hms
1056,CGS,20 31 39.01,?30 49 54.6,hms
1057,CGS,20 34 20.45,?31 58 49.6,hms
1058,CGS,20 38 20.18,?52 06 37.7,hms
1059,CGS,20 40 37.79,?54 18 10.8,hms
1060,CGS,20 44 33.63,?68 44 51.4,hms
1061,CGS,20 48 42.57,?37 59 50.7,hms
1062,CGS,21 11 51.99,?49 17 01.2,hms
1063,CGS,21 15 07.48,?47 13 13.3,hms
1064,CGS,21 16 32.33,?48 21 48.5,hms
1065,CGS,21 19 00.26,?48 33 43.5,hms
1066,CGS,21 27 21.45,?60 00 52.5,hms
1067,CGS,21 30 25.35,?43 05 13.5,hms
1068,CGS,21 32 35.21,?44 04 03.2,hms
1069,CGS,21 35 44.60,?63 54 10.0,hms
1070,CGS,21 36 28.18,?54 33 19.9,hms
1071,CGS,21 44 16.10,?75 06 40.6,hms
1072,CGS,21 49 45.96,?34 52 34.2,hms
1073,CGS,21 52 15.29,?55 34 10.7,hms
1074,CGS,21 52 42.44,?48 15 13.6,hms
1075,CGS,21 53 20.23,?47 52 56.3,hms
1076,CGS,21 55 21.07,?34 48 51.4,hms
1077,CGS,22 02 01.89,?31 52 11.5,hms
1078,CGS,22 02 05.91,?31 58 48.8,hms
1079,CGS,22 02 39.77,?20 48 45.5,hms
1080,CGS,22 06 50.04,?64 18 58.5,hms
1081,CGS,22 05 54.75,?50 07 09.5,hms
1082,CGS,22 08 34.29,?57 26 33.2,hms
1083,CGS,22 09 16.19,?47 09 59.7,hms
1084,CGS,22 10 11.76,?16 39 40.6,hms
1085,CGS,22 28 36.95,?24 50 34.4,hms
1086,CGS,22 33 52.53,?40 55 58.0,hms
1087,CGS,22 35 46.15,?26 03 01.3,hms
1088,CGS,22 40 24.17,?66 28 43.8,hms
1089,CGS,22 42 18.17,?30 03 29.2,hms
1090,CGS,22 46 03.73,?11 00 04.0,hms
1091,CGS,22 47 47.43,?22 18 43.7,hms
1092,CGS,22 51 48.71,?20 36 29.3,hms
1093,CGS,22 55 00.88,?39 39 40.4,hms
1094,CGS,22 55 45.72,?42 38 31.1,hms
1095,CGS,22 56 36.09,?37 01 47.3,hms
1096,CGS,22 56 54.31,?37 20 50.1,hms
1097,CGS,22 57 18.37,?41 04 13.8,hms
1098,CGS,23 02 10.32,?39 34 09.5,hms
1099,CGS,23 09 47.28,?43 25 40.3,hms
1100,CGS,23 12 07.55,?28 32 21.9,hms
1101,CGS,23 13 14.03,?28 21 27.1,hms
1102,CGS,23 14 48.39,?43 35 59.3,hms
1103,CGS,23 16 10.68,?42 35 04.6,hms
1104,CGS,23 18 23.53,?42 22 13.6,hms
1105,CGS,23 18 01.31,?04 39 01.0,hms
1106,CGS,23 18 54.74,?42 14 20.6,hms
1107,CGS,23 19 21.04,?42 15 25.9,hms
1108,CGS,23 19 04.76,?08 29 06.2,hms
1109,CGS,23 33 16.72,?54 05 39.6,hms
1110,CGS,23 36 14.96,?37 56 16.6,hms
1111,CGS,23 38 48.61,?06 31 03.8,hms
1112,CGS,23 38 57.00,?12 57 39.9,hms
1113,CGS,23 39 53.75,?12 17 34.0,hms
1114,CGS,23 47 51.69,?30 31 18.8,hms
1115,CGS,23 57 49.83,?32 35 27.7,hms
1116,CGS,23 58 59.71,?55 27 29.8,hms
1117,CGS,00 01 58.14,?15 27 39.9,hms
1118,CGS,01 05 04.85,?06 12 44.6,hms
1119,CGS,09 10 49.45,?08 53 26.8,hms
1120,CGS,10 10 59.52,?04 41 43.7,hms
